{
	"pages": [ //pages数组中第一项表示应用启动页，参考：https://uniapp.dcloud.io/collocation/pages
		{
			"path": "pages/index/index",
			"style": {
				"navigationBarTitleText": "主页"
			}
		}
        ,{
            "path" : "pages/onetp/onetp",
            "style" :                                                                                    
            {
                "navigationBarTitleText": "单图片",
                "enablePullDownRefresh": false
            }
            
        }
        ,{
            "path" : "pages/duotp/duotp",
            "style" :                                                                                    
            {
                "navigationBarTitleText": "多图片",
                "enablePullDownRefresh": false
            }
            
        }
    ],
	"globalStyle": {
		"navigationBarTextStyle": "black",
		"navigationBarTitleText": "uni-app",
		"navigationBarBackgroundColor": "#F8F8F8",
		"backgroundColor": "#F8F8F8"
	},
	"uniIdRouter": {},
	"condition" : { //模式配置，仅开发期间生效
		"current": 0, //当前激活的模式(list 的索引项)
		"list": [
			{
				"name": "", //模式名称
				"path": "pages/index/index", //启动页面，必选
				"query": "" //启动参数，在页面的onLoad函数里面得到
			}
		]
	}
}
